company_id,rating,recommendation,summary
ABB,STRONG,BUY,"
Company: ABB

Executive Summary
-----------------
ABB demonstrates strong financial performance based on profitability, leverage, and cash flow analysis.

Overall Rating: STRONG
Investment Recommendation: BUY

Key Highlights:

• Strong Return on Equity
• Healthy Profit Margins
• Low Financial Leverage
• Positive Cash Generation"
ADANIENSOL,WEAK,SELL,"
Company: ADANIENSOL

Executive Summary
-----------------
ADANIENSOL demonstrates weak financial performance based on profitability, leverage, and cash flow analysis.

Overall Rating: WEAK
Investment Recommendation: SELL

Key Highlights:

• Positive Cash Generation"
ADANIENT,WEAK,SELL,"
Company: ADANIENT

Executive Summary
-----------------
ADANIENT demonstrates weak financial performance based on profitability, leverage, and cash flow analysis.

Overall Rating: WEAK
Investment Recommendation: SELL

Key Highlights:
"
ADANIGREEN,WEAK,SELL,"
Company: ADANIGREEN

Executive Summary
-----------------
ADANIGREEN demonstrates weak financial performance based on profitability, leverage, and cash flow analysis.

Overall Rating: WEAK
Investment Recommendation: SELL

Key Highlights:
"
ADANIPORTS,STRONG,BUY,"
Company: ADANIPORTS

Executive Summary
-----------------
ADANIPORTS demonstrates strong financial performance based on profitability, leverage, and cash flow analysis.

Overall Rating: STRONG
Investment Recommendation: BUY

Key Highlights:

• Healthy Return on Equity
• Healthy Profit Margins
• Positive Cash Generation"
ADANIPOWER,STRONG,BUY,"
Company: ADANIPOWER

Executive Summary
-----------------
ADANIPOWER demonstrates strong financial performance based on profitability, leverage, and cash flow analysis.

Overall Rating: STRONG
Investment Recommendation: BUY

Key Highlights:

• Strong Return on Equity
• Healthy Profit Margins
• Positive Cash Generation"
AMBUJACEM,WEAK,SELL,"
Company: AMBUJACEM

Executive Summary
-----------------
AMBUJACEM demonstrates weak financial performance based on profitability, leverage, and cash flow analysis.

Overall Rating: WEAK
Investment Recommendation: SELL

Key Highlights:

• Low Financial Leverage"
APOLLOHOSP,WEAK,SELL,"
Company: APOLLOHOSP

Executive Summary
-----------------
APOLLOHOSP demonstrates weak financial performance based on profitability, leverage, and cash flow analysis.

Overall Rating: WEAK
Investment Recommendation: SELL

Key Highlights:

• Positive Cash Generation"
ASIANPAINT,STRONG,BUY,"
Company: ASIANPAINT

Executive Summary
-----------------
ASIANPAINT demonstrates strong financial performance based on profitability, leverage, and cash flow analysis.

Overall Rating: STRONG
Investment Recommendation: BUY

Key Highlights:

• Strong Return on Equity
• Healthy Profit Margins
• Low Financial Leverage
• Positive Cash Generation"
AXISBANK,MODERATE,HOLD,"
Company: AXISBANK

Executive Summary
-----------------
AXISBANK demonstrates moderate financial performance based on profitability, leverage, and cash flow analysis.

Overall Rating: MODERATE
Investment Recommendation: HOLD

Key Highlights:

• Healthy Return on Equity
• Healthy Profit Margins"
BAJAJ-AUTO,STRONG,BUY,"
Company: BAJAJ-AUTO

Executive Summary
-----------------
BAJAJ-AUTO demonstrates strong financial performance based on profitability, leverage, and cash flow analysis.

Overall Rating: STRONG
Investment Recommendation: BUY

Key Highlights:

• Strong Return on Equity
• Healthy Profit Margins
• Low Financial Leverage
• Positive Cash Generation"
BAJAJFINSV,MODERATE,HOLD,"
Company: BAJAJFINSV

Executive Summary
-----------------
BAJAJFINSV demonstrates moderate financial performance based on profitability, leverage, and cash flow analysis.

Overall Rating: MODERATE
Investment Recommendation: HOLD

Key Highlights:

• Strong Return on Equity"
BAJAJHLDNG,MODERATE,HOLD,"
Company: BAJAJHLDNG

Executive Summary
-----------------
BAJAJHLDNG demonstrates moderate financial performance based on profitability, leverage, and cash flow analysis.

Overall Rating: MODERATE
Investment Recommendation: HOLD

Key Highlights:

• Healthy Profit Margins
• Low Financial Leverage
• Positive Cash Generation"
BAJFINANCE,MODERATE,HOLD,"
Company: BAJFINANCE

Executive Summary
-----------------
BAJFINANCE demonstrates moderate financial performance based on profitability, leverage, and cash flow analysis.

Overall Rating: MODERATE
Investment Recommendation: HOLD

Key Highlights:

• Healthy Return on Equity
• Healthy Profit Margins"
BANKBARODA,MODERATE,HOLD,"
Company: BANKBARODA

Executive Summary
-----------------
BANKBARODA demonstrates moderate financial performance based on profitability, leverage, and cash flow analysis.

Overall Rating: MODERATE
Investment Recommendation: HOLD

Key Highlights:

• Healthy Return on Equity
• Healthy Profit Margins"
BEL,MODERATE,HOLD,"
Company: BEL

Executive Summary
-----------------
BEL demonstrates moderate financial performance based on profitability, leverage, and cash flow analysis.

Overall Rating: MODERATE
Investment Recommendation: HOLD

Key Highlights:

• Strong Return on Equity
• Healthy Profit Margins"
BHARTIARTL,WEAK,SELL,"
Company: BHARTIARTL

Executive Summary
-----------------
BHARTIARTL demonstrates weak financial performance based on profitability, leverage, and cash flow analysis.

Overall Rating: WEAK
Investment Recommendation: SELL

Key Highlights:

• Positive Cash Generation"
BHEL,WEAK,SELL,"
Company: BHEL

Executive Summary
-----------------
BHEL demonstrates weak financial performance based on profitability, leverage, and cash flow analysis.

Overall Rating: WEAK
Investment Recommendation: SELL

Key Highlights:

• Low Financial Leverage"
BOSCHLTD,STRONG,BUY,"
Company: BOSCHLTD

Executive Summary
-----------------
BOSCHLTD demonstrates strong financial performance based on profitability, leverage, and cash flow analysis.

Overall Rating: STRONG
Investment Recommendation: BUY

Key Highlights:

• Strong Return on Equity
• Low Financial Leverage
• Positive Cash Generation"
BPCL,MODERATE,HOLD,"
Company: BPCL

Executive Summary
-----------------
BPCL demonstrates moderate financial performance based on profitability, leverage, and cash flow analysis.

Overall Rating: MODERATE
Investment Recommendation: HOLD

Key Highlights:

• Strong Return on Equity
• Positive Cash Generation"
BRITANNIA,STRONG,BUY,"
Company: BRITANNIA

Executive Summary
-----------------
BRITANNIA demonstrates strong financial performance based on profitability, leverage, and cash flow analysis.

Overall Rating: STRONG
Investment Recommendation: BUY

Key Highlights:

• Strong Return on Equity
• Positive Cash Generation"
CANBK,MODERATE,HOLD,"
Company: CANBK

Executive Summary
-----------------
CANBK demonstrates moderate financial performance based on profitability, leverage, and cash flow analysis.

Overall Rating: MODERATE
Investment Recommendation: HOLD

Key Highlights:

• Healthy Return on Equity
• Positive Cash Generation"
CHOLAFIN,MODERATE,HOLD,"
Company: CHOLAFIN

Executive Summary
-----------------
CHOLAFIN demonstrates moderate financial performance based on profitability, leverage, and cash flow analysis.

Overall Rating: MODERATE
Investment Recommendation: HOLD

Key Highlights:

• Healthy Return on Equity
• Healthy Profit Margins"
CIPLA,STRONG,BUY,"
Company: CIPLA

Executive Summary
-----------------
CIPLA demonstrates strong financial performance based on profitability, leverage, and cash flow analysis.

Overall Rating: STRONG
Investment Recommendation: BUY

Key Highlights:

• Healthy Return on Equity
• Healthy Profit Margins
• Low Financial Leverage
• Positive Cash Generation"
COALINDIA,STRONG,BUY,"
Company: COALINDIA

Executive Summary
-----------------
COALINDIA demonstrates strong financial performance based on profitability, leverage, and cash flow analysis.

Overall Rating: STRONG
Investment Recommendation: BUY

Key Highlights:

• Strong Return on Equity
• Healthy Profit Margins
• Low Financial Leverage
• Positive Cash Generation"
DABUR,STRONG,BUY,"
Company: DABUR

Executive Summary
-----------------
DABUR demonstrates strong financial performance based on profitability, leverage, and cash flow analysis.

Overall Rating: STRONG
Investment Recommendation: BUY

Key Highlights:

• Healthy Return on Equity
• Low Financial Leverage
• Positive Cash Generation"
DIVISLAB,MODERATE,HOLD,"
Company: DIVISLAB

Executive Summary
-----------------
DIVISLAB demonstrates moderate financial performance based on profitability, leverage, and cash flow analysis.

Overall Rating: MODERATE
Investment Recommendation: HOLD

Key Highlights:

• Healthy Profit Margins
• Low Financial Leverage
• Positive Cash Generation"
DLF,MODERATE,HOLD,"
Company: DLF

Executive Summary
-----------------
DLF demonstrates moderate financial performance based on profitability, leverage, and cash flow analysis.

Overall Rating: MODERATE
Investment Recommendation: HOLD

Key Highlights:

• Healthy Profit Margins
• Low Financial Leverage
• Positive Cash Generation"
DMART,WEAK,SELL,"
Company: DMART

Executive Summary
-----------------
DMART demonstrates weak financial performance based on profitability, leverage, and cash flow analysis.

Overall Rating: WEAK
Investment Recommendation: SELL

Key Highlights:

• Low Financial Leverage
• Positive Cash Generation"
DRREDDY,STRONG,BUY,"
Company: DRREDDY

Executive Summary
-----------------
DRREDDY demonstrates strong financial performance based on profitability, leverage, and cash flow analysis.

Overall Rating: STRONG
Investment Recommendation: BUY

Key Highlights:

• Healthy Return on Equity
• Healthy Profit Margins
• Low Financial Leverage
• Positive Cash Generation"
EICHERMOT,STRONG,BUY,"
Company: EICHERMOT

Executive Summary
-----------------
EICHERMOT demonstrates strong financial performance based on profitability, leverage, and cash flow analysis.

Overall Rating: STRONG
Investment Recommendation: BUY

Key Highlights:

• Strong Return on Equity
• Healthy Profit Margins
• Low Financial Leverage
• Positive Cash Generation"
GAIL,WEAK,SELL,"
Company: GAIL

Executive Summary
-----------------
GAIL demonstrates weak financial performance based on profitability, leverage, and cash flow analysis.

Overall Rating: WEAK
Investment Recommendation: SELL

Key Highlights:

• Low Financial Leverage
• Positive Cash Generation"
GODREJCP,WEAK,SELL,"
Company: GODREJCP

Executive Summary
-----------------
GODREJCP demonstrates weak financial performance based on profitability, leverage, and cash flow analysis.

Overall Rating: WEAK
Investment Recommendation: SELL

Key Highlights:

• Low Financial Leverage"
GRASIM,WEAK,SELL,"
Company: GRASIM

Executive Summary
-----------------
GRASIM demonstrates weak financial performance based on profitability, leverage, and cash flow analysis.

Overall Rating: WEAK
Investment Recommendation: SELL

Key Highlights:
"
HAL,STRONG,BUY,"
Company: HAL

Executive Summary
-----------------
HAL demonstrates strong financial performance based on profitability, leverage, and cash flow analysis.

Overall Rating: STRONG
Investment Recommendation: BUY

Key Highlights:

• Strong Return on Equity
• Healthy Profit Margins
• Positive Cash Generation"
HAVELLS,MODERATE,HOLD,"
Company: HAVELLS

Executive Summary
-----------------
HAVELLS demonstrates moderate financial performance based on profitability, leverage, and cash flow analysis.

Overall Rating: MODERATE
Investment Recommendation: HOLD

Key Highlights:

• Healthy Return on Equity
• Low Financial Leverage
• Positive Cash Generation"
HCLTECH,STRONG,BUY,"
Company: HCLTECH

Executive Summary
-----------------
HCLTECH demonstrates strong financial performance based on profitability, leverage, and cash flow analysis.

Overall Rating: STRONG
Investment Recommendation: BUY

Key Highlights:

• Strong Return on Equity
• Low Financial Leverage
• Positive Cash Generation"
HDFCBANK,MODERATE,HOLD,"
Company: HDFCBANK

Executive Summary
-----------------
HDFCBANK demonstrates moderate financial performance based on profitability, leverage, and cash flow analysis.

Overall Rating: MODERATE
Investment Recommendation: HOLD

Key Highlights:

• Healthy Profit Margins
• Positive Cash Generation"
HDFCLIFE,WEAK,SELL,"
Company: HDFCLIFE

Executive Summary
-----------------
HDFCLIFE demonstrates weak financial performance based on profitability, leverage, and cash flow analysis.

Overall Rating: WEAK
Investment Recommendation: SELL

Key Highlights:

• Low Financial Leverage"
HEROMOTOCO,STRONG,BUY,"
Company: HEROMOTOCO

Executive Summary
-----------------
HEROMOTOCO demonstrates strong financial performance based on profitability, leverage, and cash flow analysis.

Overall Rating: STRONG
Investment Recommendation: BUY

Key Highlights:

• Strong Return on Equity
• Low Financial Leverage
• Positive Cash Generation"
HINDALCO,WEAK,SELL,"
Company: HINDALCO

Executive Summary
-----------------
HINDALCO demonstrates weak financial performance based on profitability, leverage, and cash flow analysis.

Overall Rating: WEAK
Investment Recommendation: SELL

Key Highlights:

• Positive Cash Generation"
HINDUNILVR,STRONG,BUY,"
Company: HINDUNILVR

Executive Summary
-----------------
HINDUNILVR demonstrates strong financial performance based on profitability, leverage, and cash flow analysis.

Overall Rating: STRONG
Investment Recommendation: BUY

Key Highlights:

• Strong Return on Equity
• Healthy Profit Margins
• Low Financial Leverage
• Positive Cash Generation"
ICICIBANK,MODERATE,HOLD,"
Company: ICICIBANK

Executive Summary
-----------------
ICICIBANK demonstrates moderate financial performance based on profitability, leverage, and cash flow analysis.

Overall Rating: MODERATE
Investment Recommendation: HOLD

Key Highlights:

• Healthy Return on Equity
• Healthy Profit Margins
• Positive Cash Generation"
ICICIGI,STRONG,BUY,"
Company: ICICIGI

Executive Summary
-----------------
ICICIGI demonstrates strong financial performance based on profitability, leverage, and cash flow analysis.

Overall Rating: STRONG
Investment Recommendation: BUY

Key Highlights:

• Healthy Return on Equity
• Low Financial Leverage
• Positive Cash Generation"
ICICIPRULI,WEAK,SELL,"
Company: ICICIPRULI

Executive Summary
-----------------
ICICIPRULI demonstrates weak financial performance based on profitability, leverage, and cash flow analysis.

Overall Rating: WEAK
Investment Recommendation: SELL

Key Highlights:

• Low Financial Leverage
• Positive Cash Generation"
INDIGO,STRONG,BUY,"
Company: INDIGO

Executive Summary
-----------------
INDIGO demonstrates strong financial performance based on profitability, leverage, and cash flow analysis.

Overall Rating: STRONG
Investment Recommendation: BUY

Key Highlights:

• Strong Return on Equity
• Low Financial Leverage
• Positive Cash Generation"
INDUSINDBK,WEAK,SELL,"
Company: INDUSINDBK

Executive Summary
-----------------
INDUSINDBK demonstrates weak financial performance based on profitability, leverage, and cash flow analysis.

Overall Rating: WEAK
Investment Recommendation: SELL

Key Highlights:

• Healthy Profit Margins"
INFY,STRONG,BUY,"
Company: INFY

Executive Summary
-----------------
INFY demonstrates strong financial performance based on profitability, leverage, and cash flow analysis.

Overall Rating: STRONG
Investment Recommendation: BUY

Key Highlights:

• Strong Return on Equity
• Healthy Profit Margins
• Low Financial Leverage
• Positive Cash Generation"
IOC,MODERATE,HOLD,"
Company: IOC

Executive Summary
-----------------
IOC demonstrates moderate financial performance based on profitability, leverage, and cash flow analysis.

Overall Rating: MODERATE
Investment Recommendation: HOLD

Key Highlights:

• Strong Return on Equity
• Positive Cash Generation"
IRCTC,STRONG,BUY,"
Company: IRCTC

Executive Summary
-----------------
IRCTC demonstrates strong financial performance based on profitability, leverage, and cash flow analysis.

Overall Rating: STRONG
Investment Recommendation: BUY

Key Highlights:

• Strong Return on Equity
• Healthy Profit Margins
• Low Financial Leverage
• Positive Cash Generation"
IRFC,MODERATE,HOLD,"
Company: IRFC

Executive Summary
-----------------
IRFC demonstrates moderate financial performance based on profitability, leverage, and cash flow analysis.

Overall Rating: MODERATE
Investment Recommendation: HOLD

Key Highlights:

• Healthy Profit Margins
• Positive Cash Generation"
ITC,STRONG,BUY,"
Company: ITC

Executive Summary
-----------------
ITC demonstrates strong financial performance based on profitability, leverage, and cash flow analysis.

Overall Rating: STRONG
Investment Recommendation: BUY

Key Highlights:

• Strong Return on Equity
• Healthy Profit Margins
• Low Financial Leverage
• Positive Cash Generation"
JINDALSTEL,WEAK,SELL,"
Company: JINDALSTEL

Executive Summary
-----------------
JINDALSTEL demonstrates weak financial performance based on profitability, leverage, and cash flow analysis.

Overall Rating: WEAK
Investment Recommendation: SELL

Key Highlights:

• Low Financial Leverage"
JIOFIN,MODERATE,HOLD,"
Company: JIOFIN

Executive Summary
-----------------
JIOFIN demonstrates moderate financial performance based on profitability, leverage, and cash flow analysis.

Overall Rating: MODERATE
Investment Recommendation: HOLD

Key Highlights:

• Healthy Profit Margins
• Low Financial Leverage
• Positive Cash Generation"
JSWENERGY,WEAK,SELL,"
Company: JSWENERGY

Executive Summary
-----------------
JSWENERGY demonstrates weak financial performance based on profitability, leverage, and cash flow analysis.

Overall Rating: WEAK
Investment Recommendation: SELL

Key Highlights:

• Healthy Profit Margins"
JSWSTEEL,WEAK,SELL,"
Company: JSWSTEEL

Executive Summary
-----------------
JSWSTEEL demonstrates weak financial performance based on profitability, leverage, and cash flow analysis.

Overall Rating: WEAK
Investment Recommendation: SELL

Key Highlights:
"
KOTAKBANK,MODERATE,HOLD,"
Company: KOTAKBANK

Executive Summary
-----------------
KOTAKBANK demonstrates moderate financial performance based on profitability, leverage, and cash flow analysis.

Overall Rating: MODERATE
Investment Recommendation: HOLD

Key Highlights:

• Healthy Profit Margins
• Positive Cash Generation"
LICI,MODERATE,HOLD,"
Company: LICI

Executive Summary
-----------------
LICI demonstrates moderate financial performance based on profitability, leverage, and cash flow analysis.

Overall Rating: MODERATE
Investment Recommendation: HOLD

Key Highlights:

• Strong Return on Equity
• Low Financial Leverage
• Positive Cash Generation"
LODHA,MODERATE,HOLD,"
Company: LODHA

Executive Summary
-----------------
LODHA demonstrates moderate financial performance based on profitability, leverage, and cash flow analysis.

Overall Rating: MODERATE
Investment Recommendation: HOLD

Key Highlights:

• Healthy Profit Margins
• Low Financial Leverage"
LT,MODERATE,HOLD,"
Company: LT

Executive Summary
-----------------
LT demonstrates moderate financial performance based on profitability, leverage, and cash flow analysis.

Overall Rating: MODERATE
Investment Recommendation: HOLD

Key Highlights:

• Strong Return on Equity
• Low Financial Leverage
• Positive Cash Generation"
LTIM,STRONG,BUY,"
Company: LTIM

Executive Summary
-----------------
LTIM demonstrates strong financial performance based on profitability, leverage, and cash flow analysis.

Overall Rating: STRONG
Investment Recommendation: BUY

Key Highlights:

• Strong Return on Equity
• Low Financial Leverage
• Positive Cash Generation"
M&M,WEAK,SELL,"
Company: M&M

Executive Summary
-----------------
M&M demonstrates weak financial performance based on profitability, leverage, and cash flow analysis.

Overall Rating: WEAK
Investment Recommendation: SELL

Key Highlights:

• Healthy Return on Equity"
MARUTI,STRONG,BUY,"
Company: MARUTI

Executive Summary
-----------------
MARUTI demonstrates strong financial performance based on profitability, leverage, and cash flow analysis.

Overall Rating: STRONG
Investment Recommendation: BUY

Key Highlights:

• Healthy Return on Equity
• Low Financial Leverage
• Positive Cash Generation"
MOTHERSON,WEAK,SELL,"
Company: MOTHERSON

Executive Summary
-----------------
MOTHERSON demonstrates weak financial performance based on profitability, leverage, and cash flow analysis.

Overall Rating: WEAK
Investment Recommendation: SELL

Key Highlights:

• Positive Cash Generation"
NAUKRI,MODERATE,HOLD,"
Company: NAUKRI

Executive Summary
-----------------
NAUKRI demonstrates moderate financial performance based on profitability, leverage, and cash flow analysis.

Overall Rating: MODERATE
Investment Recommendation: HOLD

Key Highlights:

• Healthy Profit Margins
• Low Financial Leverage"
NESTLEIND,STRONG,BUY,"
Company: NESTLEIND

Executive Summary
-----------------
NESTLEIND demonstrates strong financial performance based on profitability, leverage, and cash flow analysis.

Overall Rating: STRONG
Investment Recommendation: BUY

Key Highlights:

• Strong Return on Equity
• Healthy Profit Margins
• Low Financial Leverage
• Positive Cash Generation"
NHPC,MODERATE,HOLD,"
Company: NHPC

Executive Summary
-----------------
NHPC demonstrates moderate financial performance based on profitability, leverage, and cash flow analysis.

Overall Rating: MODERATE
Investment Recommendation: HOLD

Key Highlights:

• Healthy Profit Margins
• Positive Cash Generation"
NTPC,WEAK,SELL,"
Company: NTPC

Executive Summary
-----------------
NTPC demonstrates weak financial performance based on profitability, leverage, and cash flow analysis.

Overall Rating: WEAK
Investment Recommendation: SELL

Key Highlights:

• Positive Cash Generation"
ONGC,STRONG,BUY,"
Company: ONGC

Executive Summary
-----------------
ONGC demonstrates strong financial performance based on profitability, leverage, and cash flow analysis.

Overall Rating: STRONG
Investment Recommendation: BUY

Key Highlights:

• Healthy Return on Equity
• Low Financial Leverage
• Positive Cash Generation"
PFC,MODERATE,HOLD,"
Company: PFC

Executive Summary
-----------------
PFC demonstrates moderate financial performance based on profitability, leverage, and cash flow analysis.

Overall Rating: MODERATE
Investment Recommendation: HOLD

Key Highlights:

• Strong Return on Equity
• Healthy Profit Margins"
PIDILITIND,STRONG,BUY,"
Company: PIDILITIND

Executive Summary
-----------------
PIDILITIND demonstrates strong financial performance based on profitability, leverage, and cash flow analysis.

Overall Rating: STRONG
Investment Recommendation: BUY

Key Highlights:

• Strong Return on Equity
• Low Financial Leverage
• Positive Cash Generation"
PNB,MODERATE,HOLD,"
Company: PNB

Executive Summary
-----------------
PNB demonstrates moderate financial performance based on profitability, leverage, and cash flow analysis.

Overall Rating: MODERATE
Investment Recommendation: HOLD

Key Highlights:

• Strong Return on Equity"
POWERGRID,MODERATE,HOLD,"
Company: POWERGRID

Executive Summary
-----------------
POWERGRID demonstrates moderate financial performance based on profitability, leverage, and cash flow analysis.

Overall Rating: MODERATE
Investment Recommendation: HOLD

Key Highlights:

• Healthy Return on Equity
• Healthy Profit Margins
• Positive Cash Generation"
RECLTD,MODERATE,HOLD,"
Company: RECLTD

Executive Summary
-----------------
RECLTD demonstrates moderate financial performance based on profitability, leverage, and cash flow analysis.

Overall Rating: MODERATE
Investment Recommendation: HOLD

Key Highlights:

• Strong Return on Equity
• Healthy Profit Margins"
RELIANCE,MODERATE,HOLD,"
Company: RELIANCE

Executive Summary
-----------------
RELIANCE demonstrates moderate financial performance based on profitability, leverage, and cash flow analysis.

Overall Rating: MODERATE
Investment Recommendation: HOLD

Key Highlights:

• Positive Cash Generation"
SBILIFE,WEAK,SELL,"
Company: SBILIFE

Executive Summary
-----------------
SBILIFE demonstrates weak financial performance based on profitability, leverage, and cash flow analysis.

Overall Rating: WEAK
Investment Recommendation: SELL

Key Highlights:

• Low Financial Leverage"
SHREECEM,MODERATE,HOLD,"
Company: SHREECEM

Executive Summary
-----------------
SHREECEM demonstrates moderate financial performance based on profitability, leverage, and cash flow analysis.

Overall Rating: MODERATE
Investment Recommendation: HOLD

Key Highlights:

• Low Financial Leverage
• Positive Cash Generation"
SHRIRAMFIN,MODERATE,HOLD,"
Company: SHRIRAMFIN

Executive Summary
-----------------
SHRIRAMFIN demonstrates moderate financial performance based on profitability, leverage, and cash flow analysis.

Overall Rating: MODERATE
Investment Recommendation: HOLD

Key Highlights:

• Healthy Return on Equity
• Healthy Profit Margins"
SIEMENS,STRONG,BUY,"
Company: SIEMENS

Executive Summary
-----------------
SIEMENS demonstrates strong financial performance based on profitability, leverage, and cash flow analysis.

Overall Rating: STRONG
Investment Recommendation: BUY

Key Highlights:

• Healthy Return on Equity
• Low Financial Leverage
• Positive Cash Generation"
SUNPHARMA,STRONG,BUY,"
Company: SUNPHARMA

Executive Summary
-----------------
SUNPHARMA demonstrates strong financial performance based on profitability, leverage, and cash flow analysis.

Overall Rating: STRONG
Investment Recommendation: BUY

Key Highlights:

• Healthy Return on Equity
• Healthy Profit Margins
• Low Financial Leverage
• Positive Cash Generation"
TATACONSUM,WEAK,SELL,"
Company: TATACONSUM

Executive Summary
-----------------
TATACONSUM demonstrates weak financial performance based on profitability, leverage, and cash flow analysis.

Overall Rating: WEAK
Investment Recommendation: SELL

Key Highlights:

• Low Financial Leverage
• Positive Cash Generation"
TATAMOTORS,MODERATE,HOLD,"
Company: TATAMOTORS

Executive Summary
-----------------
TATAMOTORS demonstrates moderate financial performance based on profitability, leverage, and cash flow analysis.

Overall Rating: MODERATE
Investment Recommendation: HOLD

Key Highlights:

• Strong Return on Equity
• Positive Cash Generation"
TATAPOWER,WEAK,SELL,"
Company: TATAPOWER

Executive Summary
-----------------
TATAPOWER demonstrates weak financial performance based on profitability, leverage, and cash flow analysis.

Overall Rating: WEAK
Investment Recommendation: SELL

Key Highlights:

• Positive Cash Generation"
TATASTEEL,WEAK,SELL,"
Company: TATASTEEL

Executive Summary
-----------------
TATASTEEL demonstrates weak financial performance based on profitability, leverage, and cash flow analysis.

Overall Rating: WEAK
Investment Recommendation: SELL

Key Highlights:

• Positive Cash Generation"
TCS,STRONG,BUY,"
Company: TCS

Executive Summary
-----------------
TCS demonstrates strong financial performance based on profitability, leverage, and cash flow analysis.

Overall Rating: STRONG
Investment Recommendation: BUY

Key Highlights:

• Strong Return on Equity
• Healthy Profit Margins
• Low Financial Leverage
• Positive Cash Generation"
TECHM,WEAK,SELL,"
Company: TECHM

Executive Summary
-----------------
TECHM demonstrates weak financial performance based on profitability, leverage, and cash flow analysis.

Overall Rating: WEAK
Investment Recommendation: SELL

Key Highlights:

• Low Financial Leverage
• Positive Cash Generation"
TITAN,MODERATE,HOLD,"
Company: TITAN

Executive Summary
-----------------
TITAN demonstrates moderate financial performance based on profitability, leverage, and cash flow analysis.

Overall Rating: MODERATE
Investment Recommendation: HOLD

Key Highlights:

• Strong Return on Equity
• Positive Cash Generation"
TORNTPHARM,STRONG,BUY,"
Company: TORNTPHARM

Executive Summary
-----------------
TORNTPHARM demonstrates strong financial performance based on profitability, leverage, and cash flow analysis.

Overall Rating: STRONG
Investment Recommendation: BUY

Key Highlights:

• Strong Return on Equity
• Healthy Profit Margins
• Positive Cash Generation"
TRENT,STRONG,BUY,"
Company: TRENT

Executive Summary
-----------------
TRENT demonstrates strong financial performance based on profitability, leverage, and cash flow analysis.

Overall Rating: STRONG
Investment Recommendation: BUY

Key Highlights:

• Strong Return on Equity
• Low Financial Leverage
• Positive Cash Generation"
TVSMOTOR,WEAK,SELL,"
Company: TVSMOTOR

Executive Summary
-----------------
TVSMOTOR demonstrates weak financial performance based on profitability, leverage, and cash flow analysis.

Overall Rating: WEAK
Investment Recommendation: SELL

Key Highlights:

• Strong Return on Equity"
ULTRACEMCO,MODERATE,HOLD,"
Company: ULTRACEMCO

Executive Summary
-----------------
ULTRACEMCO demonstrates moderate financial performance based on profitability, leverage, and cash flow analysis.

Overall Rating: MODERATE
Investment Recommendation: HOLD

Key Highlights:

• Low Financial Leverage
• Positive Cash Generation"
UNIONBANK,WEAK,SELL,"
Company: UNIONBANK

Executive Summary
-----------------
UNIONBANK demonstrates weak financial performance based on profitability, leverage, and cash flow analysis.

Overall Rating: WEAK
Investment Recommendation: SELL

Key Highlights:

• Positive Cash Generation"
